id,device_name,location,delta_kwh,cumulative_wh,reading_day,timestamp
1,Climatisation 6,0b7fa3ad-029c-4e8f-8d16-f64b8cd2cbdd,0,847374,2026-02-04,2026-02-04 14:08:32.105487
2,Climatisation 7,0b7fa3ad-029c-4e8f-8d16-f64b8cd2cbdd,0,6683222,2026-02-04,2026-02-04 14:08:32.105487
3,Climatisation 4,0b7fa3ad-029c-4e8f-8d16-f64b8cd2cbdd,0,4237777,2026-02-04,2026-02-04 14:08:32.105487
4,Climatisation 5,0b7fa3ad-029c-4e8f-8d16-f64b8cd2cbdd,0.419,6300297,2026-02-04,2026-02-04 14:08:32.105487
5,Climatiseur de pièce 8,c2debd50-00d4-4d66-880e-a3572309c4bd,0,1138393,2026-02-04,2026-02-04 14:08:32.105487
6,Climatiseur de pièce 4,c2debd50-00d4-4d66-880e-a3572309c4bd,0,1561101,2026-02-04,2026-02-04 14:08:32.105487
7,Open space 3,664b5fe4-aea4-4495-80cc-631d73f149e1,0,927194,2026-02-04,2026-02-04 14:08:32.105487
8,Climatiseur LT_1,c2debd50-00d4-4d66-880e-a3572309c4bd,0.002,3327196,2026-02-04,2026-02-04 14:08:32.105487
9,Climatisation 14,0b7fa3ad-029c-4e8f-8d16-f64b8cd2cbdd,0,2265161,2026-02-04,2026-02-04 14:08:32.105487
10,Climatisation 15,0b7fa3ad-029c-4e8f-8d16-f64b8cd2cbdd,0.01,3010385,2026-02-04,2026-02-04 14:08:32.105487
11,Climatisation 16,0b7fa3ad-029c-4e8f-8d16-f64b8cd2cbdd,0,590228,2026-02-04,2026-02-04 14:08:32.105487
12,Climatisation 17,0b7fa3ad-029c-4e8f-8d16-f64b8cd2cbdd,0.011,6825314,2026-02-04,2026-02-04 14:08:32.105487
13,Climatisation 2,0b7fa3ad-029c-4e8f-8d16-f64b8cd2cbdd,0.001,4698532,2026-02-04,2026-02-04 14:08:32.105487
14,Climatisation 3,0b7fa3ad-029c-4e8f-8d16-f64b8cd2cbdd,0,6145662,2026-02-04,2026-02-04 14:08:32.105487
15,salle reunion startup 1,664b5fe4-aea4-4495-80cc-631d73f149e1,0,366536,2026-02-04,2026-02-04 14:08:32.105487
16,Climatisation 1,0b7fa3ad-029c-4e8f-8d16-f64b8cd2cbdd,0.001,5137223,2026-02-04,2026-02-04 14:08:32.105487
17,Ext-Saphir-2,c32973b8-842f-447d-ac00-3c5f5884859b,0.06,489023,2026-02-04,2026-02-04 14:08:32.105487
18,Climatiseur de pièce 2,c2debd50-00d4-4d66-880e-a3572309c4bd,0,1425707,2026-02-04,2026-02-04 14:08:32.105487
19,Climatiseur de pièce 11,c2debd50-00d4-4d66-880e-a3572309c4bd,0,666109,2026-02-04,2026-02-04 14:08:32.105487
20,Box_9,0b7fa3ad-029c-4e8f-8d16-f64b8cd2cbdd,0,1147187,2026-02-04,2026-02-04 14:08:32.105487
21,Ext-Saphir-3,c32973b8-842f-447d-ac00-3c5f5884859b,0,614188,2026-02-04,2026-02-04 14:08:32.105487
22,Startup 1,664b5fe4-aea4-4495-80cc-631d73f149e1,0.011,911952,2026-02-04,2026-02-04 14:08:32.105487
23,Climatiseur Café,c2debd50-00d4-4d66-880e-a3572309c4bd,0,3625155,2026-02-04,2026-02-04 14:08:32.105487
24,Box_11,0b7fa3ad-029c-4e8f-8d16-f64b8cd2cbdd,0,216888,2026-02-04,2026-02-04 14:08:32.105487
25,Climatiseur de pièce 13,c2debd50-00d4-4d66-880e-a3572309c4bd,0,500424,2026-02-04,2026-02-04 14:08:32.105487
26,Ext saphir-1,c32973b8-842f-447d-ac00-3c5f5884859b,0,1839084,2026-02-04,2026-02-04 14:08:32.105487
27,Climatiseur Accueil_2,c2debd50-00d4-4d66-880e-a3572309c4bd,0.001,3935346,2026-02-04,2026-02-04 14:08:32.105487
28,Box_7,0b7fa3ad-029c-4e8f-8d16-f64b8cd2cbdd,0,1102446,2026-02-04,2026-02-04 14:08:32.105487
29,LT2,0b7fa3ad-029c-4e8f-8d16-f64b8cd2cbdd,0.037,6487322,2026-02-04,2026-02-04 14:08:32.105487
30,Box_4,0b7fa3ad-029c-4e8f-8d16-f64b8cd2cbdd,0,577633,2026-02-04,2026-02-04 14:08:32.105487
31,Open Space 1,664b5fe4-aea4-4495-80cc-631d73f149e1,0,943140,2026-02-04,2026-02-04 14:08:32.105487
32,S reunion open space,664b5fe4-aea4-4495-80cc-631d73f149e1,0,211275,2026-02-04,2026-02-04 14:08:32.105487
33,Climatiseur de pièce,c2debd50-00d4-4d66-880e-a3572309c4bd,0,1502459,2026-02-04,2026-02-04 14:08:32.105487
34,Climatiseur de pièce 7,c2debd50-00d4-4d66-880e-a3572309c4bd,0,2195775,2026-02-04,2026-02-04 14:08:32.105487
35,Climatiseur de pièce 6,c2debd50-00d4-4d66-880e-a3572309c4bd,0,834271,2026-02-04,2026-02-04 14:08:32.105487
36,salle 21,c32973b8-842f-447d-ac00-3c5f5884859b,0,1930670,2026-02-04,2026-02-04 14:08:32.105487
37,Climatiseur de pièce 12_1,c2debd50-00d4-4d66-880e-a3572309c4bd,0,1472882,2026-02-04,2026-02-04 14:08:32.105487
38,Box_8,0b7fa3ad-029c-4e8f-8d16-f64b8cd2cbdd,0,874406,2026-02-04,2026-02-04 14:08:32.105487
39,Climatiseur de pièce 10,c2debd50-00d4-4d66-880e-a3572309c4bd,0,928251,2026-02-04,2026-02-04 14:08:32.105487
40,Climatiseur de pièce 12_2,c2debd50-00d4-4d66-880e-a3572309c4bd,0,1166511,2026-02-04,2026-02-04 14:08:32.105487
41,Open space 2,664b5fe4-aea4-4495-80cc-631d73f149e1,0,741205,2026-02-04,2026-02-04 14:08:32.105487
42,Climatiseur de pièce 3,c2debd50-00d4-4d66-880e-a3572309c4bd,0,2416430,2026-02-04,2026-02-04 14:08:32.105487
43,LT1,0b7fa3ad-029c-4e8f-8d16-f64b8cd2cbdd,0.027,8178875,2026-02-04,2026-02-04 14:08:32.105487
44,Climatiseur de pièce 5,c2debd50-00d4-4d66-880e-a3572309c4bd,0,398839,2026-02-04,2026-02-04 14:08:32.105487
45,Salle reunion startup 2,664b5fe4-aea4-4495-80cc-631d73f149e1,0,299192,2026-02-04,2026-02-04 14:08:32.105487
46,Startup 2,664b5fe4-aea4-4495-80cc-631d73f149e1,0,676259,2026-02-04,2026-02-04 14:08:32.105487
47,Box_10,0b7fa3ad-029c-4e8f-8d16-f64b8cd2cbdd,0,497635,2026-02-04,2026-02-04 14:08:32.105487
48,Climatiseur de pièce 9,c2debd50-00d4-4d66-880e-a3572309c4bd,0.002,2002751,2026-02-04,2026-02-04 14:08:32.105487
49,Climatisation 8,0b7fa3ad-029c-4e8f-8d16-f64b8cd2cbdd,3.204,4443586,2026-02-04,2026-02-04 14:08:32.105487
50,Climatisation 9,0b7fa3ad-029c-4e8f-8d16-f64b8cd2cbdd,0,589951,2026-02-04,2026-02-04 14:08:32.105487
51,Climatisation 10,0b7fa3ad-029c-4e8f-8d16-f64b8cd2cbdd,0.009,8078398,2026-02-04,2026-02-04 14:08:32.105487
52,Climatisation 11,0b7fa3ad-029c-4e8f-8d16-f64b8cd2cbdd,0.009,4723082,2026-02-04,2026-02-04 14:08:32.105487
53,Climatisation 12,0b7fa3ad-029c-4e8f-8d16-f64b8cd2cbdd,0.009,5215957,2026-02-04,2026-02-04 14:08:32.105487
54,Climatisation 13,0b7fa3ad-029c-4e8f-8d16-f64b8cd2cbdd,0.007,6067238,2026-02-04,2026-02-04 14:08:32.105487
55,Box_2,0b7fa3ad-029c-4e8f-8d16-f64b8cd2cbdd,0,323428,2026-02-04,2026-02-04 14:08:32.105487
56,Climatiseur accueil-1,c2debd50-00d4-4d66-880e-a3572309c4bd,0.001,4555605,2026-02-04,2026-02-04 14:08:32.105487
57,Box_3,0b7fa3ad-029c-4e8f-8d16-f64b8cd2cbdd,0,344772,2026-02-04,2026-02-04 14:08:32.105487
58,Climatiseur LT_2,c2debd50-00d4-4d66-880e-a3572309c4bd,0.003,3418615,2026-02-04,2026-02-04 14:08:32.105487
59,cochef,c32973b8-842f-447d-ac00-3c5f5884859b,0,4597863,2026-02-04,2026-02-04 14:08:32.105487
60,Climatisation 6,0b7fa3ad-029c-4e8f-8d16-f64b8cd2cbdd,0,847374,2026-02-04,2026-02-04 14:23:43.401551
61,Climatisation 7,0b7fa3ad-029c-4e8f-8d16-f64b8cd2cbdd,0,6683222,2026-02-04,2026-02-04 14:23:43.401551
62,Climatisation 4,0b7fa3ad-029c-4e8f-8d16-f64b8cd2cbdd,0,4237777,2026-02-04,2026-02-04 14:23:43.401551
63,Climatisation 5,0b7fa3ad-029c-4e8f-8d16-f64b8cd2cbdd,1.013,6301310,2026-02-04,2026-02-04 14:23:43.401551
64,Climatiseur de pièce 8,c2debd50-00d4-4d66-880e-a3572309c4bd,0,1138393,2026-02-04,2026-02-04 14:23:43.401551
65,Climatiseur de pièce 4,c2debd50-00d4-4d66-880e-a3572309c4bd,0,1561101,2026-02-04,2026-02-04 14:23:43.401551
66,Open space 3,664b5fe4-aea4-4495-80cc-631d73f149e1,0,927194,2026-02-04,2026-02-04 14:23:43.401551
67,Climatiseur LT_1,c2debd50-00d4-4d66-880e-a3572309c4bd,0.005,3327206,2026-02-04,2026-02-04 14:23:43.401551
68,Climatisation 14,0b7fa3ad-029c-4e8f-8d16-f64b8cd2cbdd,0,2265161,2026-02-04,2026-02-04 14:23:43.401551
69,Climatisation 15,0b7fa3ad-029c-4e8f-8d16-f64b8cd2cbdd,0.01,3010385,2026-02-04,2026-02-04 14:23:43.401551
70,Climatisation 16,0b7fa3ad-029c-4e8f-8d16-f64b8cd2cbdd,0,590228,2026-02-04,2026-02-04 14:23:43.401551
71,Climatisation 17,0b7fa3ad-029c-4e8f-8d16-f64b8cd2cbdd,0.008,6825322,2026-02-04,2026-02-04 14:23:43.401551
72,Climatisation 2,0b7fa3ad-029c-4e8f-8d16-f64b8cd2cbdd,0.002,4698534,2026-02-04,2026-02-04 14:23:43.401551
73,Climatisation 3,0b7fa3ad-029c-4e8f-8d16-f64b8cd2cbdd,0,6145662,2026-02-04,2026-02-04 14:23:43.401551
74,salle reunion startup 1,664b5fe4-aea4-4495-80cc-631d73f149e1,0,366536,2026-02-04,2026-02-04 14:23:43.401551
75,Climatisation 1,0b7fa3ad-029c-4e8f-8d16-f64b8cd2cbdd,0.001,5137223,2026-02-04,2026-02-04 14:23:43.401551
76,Ext-Saphir-2,c32973b8-842f-447d-ac00-3c5f5884859b,0.198,489221,2026-02-04,2026-02-04 14:23:43.401551
77,Climatiseur de pièce 2,c2debd50-00d4-4d66-880e-a3572309c4bd,0,1425707,2026-02-04,2026-02-04 14:23:43.401551
78,Climatiseur de pièce 11,c2debd50-00d4-4d66-880e-a3572309c4bd,0,666109,2026-02-04,2026-02-04 14:23:43.401551
79,Box_9,0b7fa3ad-029c-4e8f-8d16-f64b8cd2cbdd,0,1147187,2026-02-04,2026-02-04 14:23:43.401551
80,Ext-Saphir-3,c32973b8-842f-447d-ac00-3c5f5884859b,0,614188,2026-02-04,2026-02-04 14:23:43.401551
81,Startup 1,664b5fe4-aea4-4495-80cc-631d73f149e1,0.267,912480,2026-02-04,2026-02-04 14:23:43.401551
82,Climatiseur Café,c2debd50-00d4-4d66-880e-a3572309c4bd,0,3625155,2026-02-04,2026-02-04 14:23:43.401551
83,Box_11,0b7fa3ad-029c-4e8f-8d16-f64b8cd2cbdd,0,216888,2026-02-04,2026-02-04 14:23:43.401551
84,Climatiseur de pièce 13,c2debd50-00d4-4d66-880e-a3572309c4bd,0,500424,2026-02-04,2026-02-04 14:23:43.401551
85,Ext saphir-1,c32973b8-842f-447d-ac00-3c5f5884859b,0,1839084,2026-02-04,2026-02-04 14:23:43.401551
86,Climatiseur Accueil_2,c2debd50-00d4-4d66-880e-a3572309c4bd,0.006,3935352,2026-02-04,2026-02-04 14:23:43.401551
87,Box_7,0b7fa3ad-029c-4e8f-8d16-f64b8cd2cbdd,0,1102446,2026-02-04,2026-02-04 14:23:43.401551
88,LT2,0b7fa3ad-029c-4e8f-8d16-f64b8cd2cbdd,0.035,6487357,2026-02-04,2026-02-04 14:23:43.401551
89,Box_4,0b7fa3ad-029c-4e8f-8d16-f64b8cd2cbdd,0,577633,2026-02-04,2026-02-04 14:23:43.401551
90,Open Space 1,664b5fe4-aea4-4495-80cc-631d73f149e1,0,943140,2026-02-04,2026-02-04 14:23:43.401551
91,S reunion open space,664b5fe4-aea4-4495-80cc-631d73f149e1,0,211275,2026-02-04,2026-02-04 14:23:43.401551
92,Climatiseur de pièce,c2debd50-00d4-4d66-880e-a3572309c4bd,0,1502459,2026-02-04,2026-02-04 14:23:43.401551
93,Climatiseur de pièce 7,c2debd50-00d4-4d66-880e-a3572309c4bd,0,2195775,2026-02-04,2026-02-04 14:23:43.401551
94,Climatiseur de pièce 6,c2debd50-00d4-4d66-880e-a3572309c4bd,0,834271,2026-02-04,2026-02-04 14:23:43.401551
95,salle 21,c32973b8-842f-447d-ac00-3c5f5884859b,0,1930670,2026-02-04,2026-02-04 14:23:43.401551
96,Climatiseur de pièce 12_1,c2debd50-00d4-4d66-880e-a3572309c4bd,0,1472882,2026-02-04,2026-02-04 14:23:43.401551
97,Box_8,0b7fa3ad-029c-4e8f-8d16-f64b8cd2cbdd,0,874406,2026-02-04,2026-02-04 14:23:43.401551
98,Climatiseur de pièce 10,c2debd50-00d4-4d66-880e-a3572309c4bd,0,928251,2026-02-04,2026-02-04 14:23:43.401551
99,Climatiseur de pièce 12_2,c2debd50-00d4-4d66-880e-a3572309c4bd,0,1166511,2026-02-04,2026-02-04 14:23:43.401551
100,Open space 2,664b5fe4-aea4-4495-80cc-631d73f149e1,0,741205,2026-02-04,2026-02-04 14:23:43.401551
101,Climatiseur de pièce 3,c2debd50-00d4-4d66-880e-a3572309c4bd,0,2416430,2026-02-04,2026-02-04 14:23:43.401551
102,LT1,0b7fa3ad-029c-4e8f-8d16-f64b8cd2cbdd,0.026,8178901,2026-02-04,2026-02-04 14:23:43.401551
103,Climatiseur de pièce 5,c2debd50-00d4-4d66-880e-a3572309c4bd,0,398839,2026-02-04,2026-02-04 14:23:43.401551
104,Salle reunion startup 2,664b5fe4-aea4-4495-80cc-631d73f149e1,0,299192,2026-02-04,2026-02-04 14:23:43.401551
105,Startup 2,664b5fe4-aea4-4495-80cc-631d73f149e1,0,676259,2026-02-04,2026-02-04 14:23:43.401551
106,Box_10,0b7fa3ad-029c-4e8f-8d16-f64b8cd2cbdd,0,497635,2026-02-04,2026-02-04 14:23:43.401551
107,Climatiseur de pièce 9,c2debd50-00d4-4d66-880e-a3572309c4bd,0.036,2002821,2026-02-04,2026-02-04 14:23:43.401551
108,Climatisation 8,0b7fa3ad-029c-4e8f-8d16-f64b8cd2cbdd,2.521,4446107,2026-02-04,2026-02-04 14:23:43.401551
109,Climatisation 9,0b7fa3ad-029c-4e8f-8d16-f64b8cd2cbdd,0,589951,2026-02-04,2026-02-04 14:23:43.401551
110,Climatisation 10,0b7fa3ad-029c-4e8f-8d16-f64b8cd2cbdd,0.008,8078406,2026-02-04,2026-02-04 14:23:43.401551
111,Climatisation 11,0b7fa3ad-029c-4e8f-8d16-f64b8cd2cbdd,0.008,4723090,2026-02-04,2026-02-04 14:23:43.401551
112,Climatisation 12,0b7fa3ad-029c-4e8f-8d16-f64b8cd2cbdd,0.009,5215966,2026-02-04,2026-02-04 14:23:43.401551
113,Climatisation 13,0b7fa3ad-029c-4e8f-8d16-f64b8cd2cbdd,0.008,6067246,2026-02-04,2026-02-04 14:23:43.401551
114,Box_2,0b7fa3ad-029c-4e8f-8d16-f64b8cd2cbdd,0,323428,2026-02-04,2026-02-04 14:23:43.401551
115,Climatiseur accueil-1,c2debd50-00d4-4d66-880e-a3572309c4bd,0.006,4555611,2026-02-04,2026-02-04 14:23:43.401551
116,Box_3,0b7fa3ad-029c-4e8f-8d16-f64b8cd2cbdd,0,344772,2026-02-04,2026-02-04 14:23:43.401551
117,Climatiseur LT_2,c2debd50-00d4-4d66-880e-a3572309c4bd,0.006,3418621,2026-02-04,2026-02-04 14:23:43.401551
118,cochef,c32973b8-842f-447d-ac00-3c5f5884859b,0,4597863,2026-02-04,2026-02-04 14:23:43.401551
126,Climatisation 6,0b7fa3ad-029c-4e8f-8d16-f64b8cd2cbdd,0,847374,2026-02-04,2026-02-04 14:27:53.911666
127,Climatisation 7,0b7fa3ad-029c-4e8f-8d16-f64b8cd2cbdd,0,6683222,2026-02-04,2026-02-04 14:27:53.911666
128,Climatisation 4,0b7fa3ad-029c-4e8f-8d16-f64b8cd2cbdd,0,4237777,2026-02-04,2026-02-04 14:27:53.911666
129,Climatisation 5,0b7fa3ad-029c-4e8f-8d16-f64b8cd2cbdd,1.013,6301310,2026-02-04,2026-02-04 14:27:53.911666
130,Climatiseur de pièce 8,c2debd50-00d4-4d66-880e-a3572309c4bd,0,1138393,2026-02-04,2026-02-04 14:27:53.911666
131,Climatiseur de pièce 4,c2debd50-00d4-4d66-880e-a3572309c4bd,0,1561101,2026-02-04,2026-02-04 14:27:53.911666
132,Open space 3,664b5fe4-aea4-4495-80cc-631d73f149e1,0,927194,2026-02-04,2026-02-04 14:27:53.911666
133,Climatiseur LT_1,c2debd50-00d4-4d66-880e-a3572309c4bd,0.005,3327206,2026-02-04,2026-02-04 14:27:53.911666
134,Climatisation 14,0b7fa3ad-029c-4e8f-8d16-f64b8cd2cbdd,0,2265161,2026-02-04,2026-02-04 14:27:53.911666
135,Climatisation 15,0b7fa3ad-029c-4e8f-8d16-f64b8cd2cbdd,0.01,3010385,2026-02-04,2026-02-04 14:27:53.911666
136,Climatisation 16,0b7fa3ad-029c-4e8f-8d16-f64b8cd2cbdd,0,590228,2026-02-04,2026-02-04 14:27:53.911666
137,Climatisation 17,0b7fa3ad-029c-4e8f-8d16-f64b8cd2cbdd,0.008,6825322,2026-02-04,2026-02-04 14:27:53.911666
138,Climatisation 2,0b7fa3ad-029c-4e8f-8d16-f64b8cd2cbdd,0.002,4698534,2026-02-04,2026-02-04 14:27:53.911666
139,Climatisation 3,0b7fa3ad-029c-4e8f-8d16-f64b8cd2cbdd,0,6145662,2026-02-04,2026-02-04 14:27:53.911666
140,salle reunion startup 1,664b5fe4-aea4-4495-80cc-631d73f149e1,0,366536,2026-02-04,2026-02-04 14:27:53.911666
141,Climatisation 1,0b7fa3ad-029c-4e8f-8d16-f64b8cd2cbdd,0.003,5137226,2026-02-04,2026-02-04 14:27:53.911666
142,Ext-Saphir-2,c32973b8-842f-447d-ac00-3c5f5884859b,0.198,489221,2026-02-04,2026-02-04 14:27:53.911666
143,Climatiseur de pièce 2,c2debd50-00d4-4d66-880e-a3572309c4bd,0,1425707,2026-02-04,2026-02-04 14:27:53.911666
144,Climatiseur de pièce 11,c2debd50-00d4-4d66-880e-a3572309c4bd,0,666109,2026-02-04,2026-02-04 14:27:53.911666
145,Box_9,0b7fa3ad-029c-4e8f-8d16-f64b8cd2cbdd,0,1147187,2026-02-04,2026-02-04 14:27:53.911666
146,Ext-Saphir-3,c32973b8-842f-447d-ac00-3c5f5884859b,0,614188,2026-02-04,2026-02-04 14:27:53.911666
147,Startup 1,664b5fe4-aea4-4495-80cc-631d73f149e1,0.267,912480,2026-02-04,2026-02-04 14:27:53.911666
148,Climatiseur Café,c2debd50-00d4-4d66-880e-a3572309c4bd,0,3625155,2026-02-04,2026-02-04 14:27:53.911666
149,Box_11,0b7fa3ad-029c-4e8f-8d16-f64b8cd2cbdd,0,216888,2026-02-04,2026-02-04 14:27:53.911666
150,Climatiseur de pièce 13,c2debd50-00d4-4d66-880e-a3572309c4bd,0,500424,2026-02-04,2026-02-04 14:27:53.911666
151,Ext saphir-1,c32973b8-842f-447d-ac00-3c5f5884859b,0,1839084,2026-02-04,2026-02-04 14:27:53.911666
152,Climatiseur Accueil_2,c2debd50-00d4-4d66-880e-a3572309c4bd,0.006,3935352,2026-02-04,2026-02-04 14:27:53.911666
153,Box_7,0b7fa3ad-029c-4e8f-8d16-f64b8cd2cbdd,0,1102446,2026-02-04,2026-02-04 14:27:53.911666
154,LT2,0b7fa3ad-029c-4e8f-8d16-f64b8cd2cbdd,0.035,6487357,2026-02-04,2026-02-04 14:27:53.911666
155,Box_4,0b7fa3ad-029c-4e8f-8d16-f64b8cd2cbdd,0,577633,2026-02-04,2026-02-04 14:27:53.911666
156,Open Space 1,664b5fe4-aea4-4495-80cc-631d73f149e1,0,943140,2026-02-04,2026-02-04 14:27:53.911666
157,S reunion open space,664b5fe4-aea4-4495-80cc-631d73f149e1,0,211275,2026-02-04,2026-02-04 14:27:53.911666
158,Climatiseur de pièce,c2debd50-00d4-4d66-880e-a3572309c4bd,0,1502459,2026-02-04,2026-02-04 14:27:53.911666
159,Climatiseur de pièce 7,c2debd50-00d4-4d66-880e-a3572309c4bd,0,2195775,2026-02-04,2026-02-04 14:27:53.911666
160,Climatiseur de pièce 6,c2debd50-00d4-4d66-880e-a3572309c4bd,0,834271,2026-02-04,2026-02-04 14:27:53.911666
161,salle 21,c32973b8-842f-447d-ac00-3c5f5884859b,0,1930670,2026-02-04,2026-02-04 14:27:53.911666
162,Climatiseur de pièce 12_1,c2debd50-00d4-4d66-880e-a3572309c4bd,0,1472882,2026-02-04,2026-02-04 14:27:53.911666
163,Box_8,0b7fa3ad-029c-4e8f-8d16-f64b8cd2cbdd,0,874406,2026-02-04,2026-02-04 14:27:53.911666
164,Climatiseur de pièce 10,c2debd50-00d4-4d66-880e-a3572309c4bd,0,928251,2026-02-04,2026-02-04 14:27:53.911666
165,Climatiseur de pièce 12_2,c2debd50-00d4-4d66-880e-a3572309c4bd,0,1166511,2026-02-04,2026-02-04 14:27:53.911666
166,Open space 2,664b5fe4-aea4-4495-80cc-631d73f149e1,0,741205,2026-02-04,2026-02-04 14:27:53.911666
167,Climatiseur de pièce 3,c2debd50-00d4-4d66-880e-a3572309c4bd,0,2416430,2026-02-04,2026-02-04 14:27:53.911666
168,LT1,0b7fa3ad-029c-4e8f-8d16-f64b8cd2cbdd,0.033,8178934,2026-02-04,2026-02-04 14:27:53.911666
169,Climatiseur de pièce 5,c2debd50-00d4-4d66-880e-a3572309c4bd,0,398839,2026-02-04,2026-02-04 14:27:53.911666
170,Salle reunion startup 2,664b5fe4-aea4-4495-80cc-631d73f149e1,0,299192,2026-02-04,2026-02-04 14:27:53.911666
171,Startup 2,664b5fe4-aea4-4495-80cc-631d73f149e1,0,676259,2026-02-04,2026-02-04 14:27:53.911666
172,Box_10,0b7fa3ad-029c-4e8f-8d16-f64b8cd2cbdd,0,497635,2026-02-04,2026-02-04 14:27:53.911666
173,Climatiseur de pièce 9,c2debd50-00d4-4d66-880e-a3572309c4bd,0.036,2002821,2026-02-04,2026-02-04 14:27:53.911666
174,Climatisation 8,0b7fa3ad-029c-4e8f-8d16-f64b8cd2cbdd,2.521,4446107,2026-02-04,2026-02-04 14:27:53.911666
175,Climatisation 9,0b7fa3ad-029c-4e8f-8d16-f64b8cd2cbdd,0,589951,2026-02-04,2026-02-04 14:27:53.911666
176,Climatisation 10,0b7fa3ad-029c-4e8f-8d16-f64b8cd2cbdd,0.008,8078406,2026-02-04,2026-02-04 14:27:53.911666
177,Climatisation 11,0b7fa3ad-029c-4e8f-8d16-f64b8cd2cbdd,0.008,4723090,2026-02-04,2026-02-04 14:27:53.911666
178,Climatisation 12,0b7fa3ad-029c-4e8f-8d16-f64b8cd2cbdd,0.009,5215966,2026-02-04,2026-02-04 14:27:53.911666
179,Climatisation 13,0b7fa3ad-029c-4e8f-8d16-f64b8cd2cbdd,0.008,6067246,2026-02-04,2026-02-04 14:27:53.911666
180,Box_2,0b7fa3ad-029c-4e8f-8d16-f64b8cd2cbdd,0,323428,2026-02-04,2026-02-04 14:27:53.911666
181,Climatiseur accueil-1,c2debd50-00d4-4d66-880e-a3572309c4bd,0.006,4555611,2026-02-04,2026-02-04 14:27:53.911666
182,Box_3,0b7fa3ad-029c-4e8f-8d16-f64b8cd2cbdd,0,344772,2026-02-04,2026-02-04 14:27:53.911666
183,Climatiseur LT_2,c2debd50-00d4-4d66-880e-a3572309c4bd,0.006,3418621,2026-02-04,2026-02-04 14:27:53.911666
184,cochef,c32973b8-842f-447d-ac00-3c5f5884859b,0,4597863,2026-02-04,2026-02-04 14:27:53.911666
235,Climatisation 6,0b7fa3ad-029c-4e8f-8d16-f64b8cd2cbdd,0.023,847426,2026-02-04,2026-02-04 17:29:42.918174
236,Climatisation 7,0b7fa3ad-029c-4e8f-8d16-f64b8cd2cbdd,0.024,6683274,2026-02-04,2026-02-04 17:29:42.918174
237,Climatisation 4,0b7fa3ad-029c-4e8f-8d16-f64b8cd2cbdd,0.023,4237829,2026-02-04,2026-02-04 17:29:42.918174
238,Climatisation 5,0b7fa3ad-029c-4e8f-8d16-f64b8cd2cbdd,0.02,6313069,2026-02-04,2026-02-04 17:29:42.918174
239,Climatiseur de pièce 8,c2debd50-00d4-4d66-880e-a3572309c4bd,0,1138393,2026-02-04,2026-02-04 17:29:42.918174
240,Climatiseur de pièce 4,c2debd50-00d4-4d66-880e-a3572309c4bd,0,1561101,2026-02-04,2026-02-04 17:29:42.918174
241,Open space 3,664b5fe4-aea4-4495-80cc-631d73f149e1,0,927194,2026-02-04,2026-02-04 17:29:42.918174
242,Climatiseur LT_1,c2debd50-00d4-4d66-880e-a3572309c4bd,0.007,3327297,2026-02-04,2026-02-04 17:29:42.918174
243,Climatisation 14,0b7fa3ad-029c-4e8f-8d16-f64b8cd2cbdd,0,2265161,2026-02-04,2026-02-04 17:29:42.918174
244,Climatisation 15,0b7fa3ad-029c-4e8f-8d16-f64b8cd2cbdd,0.01,3010385,2026-02-04,2026-02-04 17:29:42.918174
245,Climatisation 16,0b7fa3ad-029c-4e8f-8d16-f64b8cd2cbdd,0,590228,2026-02-04,2026-02-04 17:29:42.918174
246,Climatisation 17,0b7fa3ad-029c-4e8f-8d16-f64b8cd2cbdd,0.003,6825392,2026-02-04,2026-02-04 17:29:42.918174
247,Climatisation 2,0b7fa3ad-029c-4e8f-8d16-f64b8cd2cbdd,0.021,4698584,2026-02-04,2026-02-04 17:29:42.918174
248,Climatisation 3,0b7fa3ad-029c-4e8f-8d16-f64b8cd2cbdd,0.021,6145714,2026-02-04,2026-02-04 17:29:42.918174
249,salle reunion startup 1,664b5fe4-aea4-4495-80cc-631d73f149e1,0,367535,2026-02-04,2026-02-04 17:29:42.918174
250,Climatisation 1,0b7fa3ad-029c-4e8f-8d16-f64b8cd2cbdd,0.008,5137274,2026-02-04,2026-02-04 17:29:42.918174
251,Ext-Saphir-2,c32973b8-842f-447d-ac00-3c5f5884859b,0,489753,2026-02-04,2026-02-04 17:29:42.918174
252,Climatiseur de pièce 2,c2debd50-00d4-4d66-880e-a3572309c4bd,0,1425707,2026-02-04,2026-02-04 17:29:42.918174
253,Climatiseur de pièce 11,c2debd50-00d4-4d66-880e-a3572309c4bd,0,666109,2026-02-04,2026-02-04 17:29:42.918174
254,Box_9,0b7fa3ad-029c-4e8f-8d16-f64b8cd2cbdd,0,1147187,2026-02-04,2026-02-04 17:29:42.918174
255,Ext-Saphir-3,c32973b8-842f-447d-ac00-3c5f5884859b,0,614188,2026-02-04,2026-02-04 17:29:42.918174
256,Startup 1,664b5fe4-aea4-4495-80cc-631d73f149e1,0,915269,2026-02-04,2026-02-04 17:29:42.918174
257,Climatiseur Café,c2debd50-00d4-4d66-880e-a3572309c4bd,0,3625155,2026-02-04,2026-02-04 17:29:42.918174
258,Box_11,0b7fa3ad-029c-4e8f-8d16-f64b8cd2cbdd,0,216888,2026-02-04,2026-02-04 17:29:42.918174
259,Climatiseur de pièce 13,c2debd50-00d4-4d66-880e-a3572309c4bd,0,500424,2026-02-04,2026-02-04 17:29:42.918174
260,Ext saphir-1,c32973b8-842f-447d-ac00-3c5f5884859b,0,1840106,2026-02-04,2026-02-04 17:29:42.918174
261,Climatiseur Accueil_2,c2debd50-00d4-4d66-880e-a3572309c4bd,0,3935431,2026-02-04,2026-02-04 17:29:42.918174
262,Box_7,0b7fa3ad-029c-4e8f-8d16-f64b8cd2cbdd,0,1102446,2026-02-04,2026-02-04 17:29:42.918174
263,LT2,0b7fa3ad-029c-4e8f-8d16-f64b8cd2cbdd,0.033,6487834,2026-02-04,2026-02-04 17:29:42.918174
264,Box_4,0b7fa3ad-029c-4e8f-8d16-f64b8cd2cbdd,0,577633,2026-02-04,2026-02-04 17:29:42.918174
265,Open Space 1,664b5fe4-aea4-4495-80cc-631d73f149e1,0,943140,2026-02-04,2026-02-04 17:29:42.918174
266,S reunion open space,664b5fe4-aea4-4495-80cc-631d73f149e1,0,211275,2026-02-04,2026-02-04 17:29:42.918174
267,Climatiseur de pièce,c2debd50-00d4-4d66-880e-a3572309c4bd,0,1502459,2026-02-04,2026-02-04 17:29:42.918174
268,Climatiseur de pièce 7,c2debd50-00d4-4d66-880e-a3572309c4bd,0,2195775,2026-02-04,2026-02-04 17:29:42.918174
269,Climatiseur de pièce 6,c2debd50-00d4-4d66-880e-a3572309c4bd,0,834271,2026-02-04,2026-02-04 17:29:42.918174
270,salle 21,c32973b8-842f-447d-ac00-3c5f5884859b,0,1930670,2026-02-04,2026-02-04 17:29:42.918174
271,Climatiseur de pièce 12_1,c2debd50-00d4-4d66-880e-a3572309c4bd,0,1473143,2026-02-04,2026-02-04 17:29:42.918174
272,Box_8,0b7fa3ad-029c-4e8f-8d16-f64b8cd2cbdd,0,874406,2026-02-04,2026-02-04 17:29:42.918174
273,Climatiseur de pièce 10,c2debd50-00d4-4d66-880e-a3572309c4bd,0,928251,2026-02-04,2026-02-04 17:29:42.918174
274,Climatiseur de pièce 12_2,c2debd50-00d4-4d66-880e-a3572309c4bd,0.271,1167082,2026-02-04,2026-02-04 17:29:42.918174
275,Open space 2,664b5fe4-aea4-4495-80cc-631d73f149e1,0,741205,2026-02-04,2026-02-04 17:29:42.918174
276,Climatiseur de pièce 3,c2debd50-00d4-4d66-880e-a3572309c4bd,0,2416430,2026-02-04,2026-02-04 17:29:42.918174
277,LT1,0b7fa3ad-029c-4e8f-8d16-f64b8cd2cbdd,0.016,8179265,2026-02-04,2026-02-04 17:29:42.918174
278,Climatiseur de pièce 5,c2debd50-00d4-4d66-880e-a3572309c4bd,0,398839,2026-02-04,2026-02-04 17:29:42.918174
279,Salle reunion startup 2,664b5fe4-aea4-4495-80cc-631d73f149e1,0,299192,2026-02-04,2026-02-04 17:29:42.918174
280,Startup 2,664b5fe4-aea4-4495-80cc-631d73f149e1,0,676259,2026-02-04,2026-02-04 17:29:42.918174
281,Box_10,0b7fa3ad-029c-4e8f-8d16-f64b8cd2cbdd,0,497635,2026-02-04,2026-02-04 17:29:42.918174
282,Climatiseur de pièce 9,c2debd50-00d4-4d66-880e-a3572309c4bd,0,2003258,2026-02-04,2026-02-04 17:29:42.918174
283,Climatisation 8,0b7fa3ad-029c-4e8f-8d16-f64b8cd2cbdd,0.476,4467666,2026-02-04,2026-02-04 17:29:42.918174
284,Climatisation 9,0b7fa3ad-029c-4e8f-8d16-f64b8cd2cbdd,0,589951,2026-02-04,2026-02-04 17:29:42.918174
285,Climatisation 10,0b7fa3ad-029c-4e8f-8d16-f64b8cd2cbdd,0,8078474,2026-02-04,2026-02-04 17:29:42.918174
286,Climatisation 11,0b7fa3ad-029c-4e8f-8d16-f64b8cd2cbdd,0.007,4723155,2026-02-04,2026-02-04 17:29:42.918174
287,Climatisation 12,0b7fa3ad-029c-4e8f-8d16-f64b8cd2cbdd,0.007,5216032,2026-02-04,2026-02-04 17:29:42.918174
288,Climatisation 13,0b7fa3ad-029c-4e8f-8d16-f64b8cd2cbdd,0.002,6067313,2026-02-04,2026-02-04 17:29:42.918174
289,Box_2,0b7fa3ad-029c-4e8f-8d16-f64b8cd2cbdd,0,323428,2026-02-04,2026-02-04 17:29:42.918174
290,Climatiseur accueil-1,c2debd50-00d4-4d66-880e-a3572309c4bd,0,4555691,2026-02-04,2026-02-04 17:29:42.918174
291,Box_3,0b7fa3ad-029c-4e8f-8d16-f64b8cd2cbdd,0,344772,2026-02-04,2026-02-04 17:29:42.918174
292,Climatiseur LT_2,c2debd50-00d4-4d66-880e-a3572309c4bd,0.005,3418712,2026-02-04,2026-02-04 17:29:42.918174
293,cochef,c32973b8-842f-447d-ac00-3c5f5884859b,0,4597863,2026-02-04,2026-02-04 17:29:42.918174
294,Climatisation 6,0b7fa3ad-029c-4e8f-8d16-f64b8cd2cbdd,0.023,847426,2026-02-04,2026-02-04 17:59:22.081349
295,Climatisation 7,0b7fa3ad-029c-4e8f-8d16-f64b8cd2cbdd,0.024,6683274,2026-02-04,2026-02-04 17:59:22.081349
296,Climatisation 4,0b7fa3ad-029c-4e8f-8d16-f64b8cd2cbdd,0.023,4237829,2026-02-04,2026-02-04 17:59:22.081349
297,Climatisation 5,0b7fa3ad-029c-4e8f-8d16-f64b8cd2cbdd,0.02,6313069,2026-02-04,2026-02-04 17:59:22.081349
298,Climatiseur de pièce 8,c2debd50-00d4-4d66-880e-a3572309c4bd,0,1138393,2026-02-04,2026-02-04 17:59:22.081349
299,Climatiseur de pièce 4,c2debd50-00d4-4d66-880e-a3572309c4bd,0,1561101,2026-02-04,2026-02-04 17:59:22.081349
300,Open space 3,664b5fe4-aea4-4495-80cc-631d73f149e1,0,927194,2026-02-04,2026-02-04 17:59:22.081349
301,Climatiseur LT_1,c2debd50-00d4-4d66-880e-a3572309c4bd,0.006,3327309,2026-02-04,2026-02-04 17:59:22.081349
302,Climatisation 14,0b7fa3ad-029c-4e8f-8d16-f64b8cd2cbdd,0,2265161,2026-02-04,2026-02-04 17:59:22.081349
303,Climatisation 15,0b7fa3ad-029c-4e8f-8d16-f64b8cd2cbdd,0.01,3010385,2026-02-04,2026-02-04 17:59:22.081349
304,Climatisation 16,0b7fa3ad-029c-4e8f-8d16-f64b8cd2cbdd,0,590228,2026-02-04,2026-02-04 17:59:22.081349
305,Climatisation 17,0b7fa3ad-029c-4e8f-8d16-f64b8cd2cbdd,0.003,6825392,2026-02-04,2026-02-04 17:59:22.081349
306,Climatisation 2,0b7fa3ad-029c-4e8f-8d16-f64b8cd2cbdd,0.021,4698584,2026-02-04,2026-02-04 17:59:22.081349
307,Climatisation 3,0b7fa3ad-029c-4e8f-8d16-f64b8cd2cbdd,0.021,6145714,2026-02-04,2026-02-04 17:59:22.081349
308,salle reunion startup 1,664b5fe4-aea4-4495-80cc-631d73f149e1,0,367535,2026-02-04,2026-02-04 17:59:22.081349
309,Climatisation 1,0b7fa3ad-029c-4e8f-8d16-f64b8cd2cbdd,0.008,5137274,2026-02-04,2026-02-04 17:59:22.081349
310,Ext-Saphir-2,c32973b8-842f-447d-ac00-3c5f5884859b,0,489753,2026-02-04,2026-02-04 17:59:22.081349
311,Climatiseur de pièce 2,c2debd50-00d4-4d66-880e-a3572309c4bd,0,1425707,2026-02-04,2026-02-04 17:59:22.081349
312,Climatiseur de pièce 11,c2debd50-00d4-4d66-880e-a3572309c4bd,0,666109,2026-02-04,2026-02-04 17:59:22.081349
313,Box_9,0b7fa3ad-029c-4e8f-8d16-f64b8cd2cbdd,0,1147187,2026-02-04,2026-02-04 17:59:22.081349
314,Ext-Saphir-3,c32973b8-842f-447d-ac00-3c5f5884859b,0,614188,2026-02-04,2026-02-04 17:59:22.081349
315,Startup 1,664b5fe4-aea4-4495-80cc-631d73f149e1,0,915269,2026-02-04,2026-02-04 17:59:22.081349
316,Climatiseur Café,c2debd50-00d4-4d66-880e-a3572309c4bd,0,3625155,2026-02-04,2026-02-04 17:59:22.081349
317,Box_11,0b7fa3ad-029c-4e8f-8d16-f64b8cd2cbdd,0,216888,2026-02-04,2026-02-04 17:59:22.081349
318,Climatiseur de pièce 13,c2debd50-00d4-4d66-880e-a3572309c4bd,0,500424,2026-02-04,2026-02-04 17:59:22.081349
319,Ext saphir-1,c32973b8-842f-447d-ac00-3c5f5884859b,0,1840106,2026-02-04,2026-02-04 17:59:22.081349
320,Climatiseur Accueil_2,c2debd50-00d4-4d66-880e-a3572309c4bd,0,3935431,2026-02-04,2026-02-04 17:59:22.081349
321,Box_7,0b7fa3ad-029c-4e8f-8d16-f64b8cd2cbdd,0,1102446,2026-02-04,2026-02-04 17:59:22.081349
322,LT2,0b7fa3ad-029c-4e8f-8d16-f64b8cd2cbdd,0.033,6487910,2026-02-04,2026-02-04 17:59:22.081349
323,Box_4,0b7fa3ad-029c-4e8f-8d16-f64b8cd2cbdd,0,577633,2026-02-04,2026-02-04 17:59:22.081349
324,Open Space 1,664b5fe4-aea4-4495-80cc-631d73f149e1,0,943140,2026-02-04,2026-02-04 17:59:22.081349
325,S reunion open space,664b5fe4-aea4-4495-80cc-631d73f149e1,0,211275,2026-02-04,2026-02-04 17:59:22.081349
326,Climatiseur de pièce,c2debd50-00d4-4d66-880e-a3572309c4bd,0,1502459,2026-02-04,2026-02-04 17:59:22.081349
327,Climatiseur de pièce 7,c2debd50-00d4-4d66-880e-a3572309c4bd,0,2195775,2026-02-04,2026-02-04 17:59:22.081349
328,Climatiseur de pièce 6,c2debd50-00d4-4d66-880e-a3572309c4bd,0,834271,2026-02-04,2026-02-04 17:59:22.081349
329,salle 21,c32973b8-842f-447d-ac00-3c5f5884859b,0,1930670,2026-02-04,2026-02-04 17:59:22.081349
330,Climatiseur de pièce 12_1,c2debd50-00d4-4d66-880e-a3572309c4bd,0,1473143,2026-02-04,2026-02-04 17:59:22.081349
331,Box_8,0b7fa3ad-029c-4e8f-8d16-f64b8cd2cbdd,0,874406,2026-02-04,2026-02-04 17:59:22.081349
332,Climatiseur de pièce 10,c2debd50-00d4-4d66-880e-a3572309c4bd,0,928251,2026-02-04,2026-02-04 17:59:22.081349
333,Climatiseur de pièce 12_2,c2debd50-00d4-4d66-880e-a3572309c4bd,0.179,1167444,2026-02-04,2026-02-04 17:59:22.081349
334,Open space 2,664b5fe4-aea4-4495-80cc-631d73f149e1,0,741205,2026-02-04,2026-02-04 17:59:22.081349
335,Climatiseur de pièce 3,c2debd50-00d4-4d66-880e-a3572309c4bd,0,2416430,2026-02-04,2026-02-04 17:59:22.081349
336,LT1,0b7fa3ad-029c-4e8f-8d16-f64b8cd2cbdd,0.03,8179301,2026-02-04,2026-02-04 17:59:22.081349
337,Climatiseur de pièce 5,c2debd50-00d4-4d66-880e-a3572309c4bd,0,398839,2026-02-04,2026-02-04 17:59:22.081349
338,Salle reunion startup 2,664b5fe4-aea4-4495-80cc-631d73f149e1,0,299192,2026-02-04,2026-02-04 17:59:22.081349
339,Startup 2,664b5fe4-aea4-4495-80cc-631d73f149e1,0,676259,2026-02-04,2026-02-04 17:59:22.081349
340,Box_10,0b7fa3ad-029c-4e8f-8d16-f64b8cd2cbdd,0,497635,2026-02-04,2026-02-04 17:59:22.081349
341,Climatiseur de pièce 9,c2debd50-00d4-4d66-880e-a3572309c4bd,0,2003258,2026-02-04,2026-02-04 17:59:22.081349
342,Climatisation 8,0b7fa3ad-029c-4e8f-8d16-f64b8cd2cbdd,0.476,4467666,2026-02-04,2026-02-04 17:59:22.081349
343,Climatisation 9,0b7fa3ad-029c-4e8f-8d16-f64b8cd2cbdd,0,589951,2026-02-04,2026-02-04 17:59:22.081349
344,Climatisation 10,0b7fa3ad-029c-4e8f-8d16-f64b8cd2cbdd,0,8078474,2026-02-04,2026-02-04 17:59:22.081349
345,Climatisation 11,0b7fa3ad-029c-4e8f-8d16-f64b8cd2cbdd,0.007,4723155,2026-02-04,2026-02-04 17:59:22.081349
346,Climatisation 12,0b7fa3ad-029c-4e8f-8d16-f64b8cd2cbdd,0.007,5216032,2026-02-04,2026-02-04 17:59:22.081349
347,Climatisation 13,0b7fa3ad-029c-4e8f-8d16-f64b8cd2cbdd,0.002,6067313,2026-02-04,2026-02-04 17:59:22.081349
348,Box_2,0b7fa3ad-029c-4e8f-8d16-f64b8cd2cbdd,0,323428,2026-02-04,2026-02-04 17:59:22.081349
349,Climatiseur accueil-1,c2debd50-00d4-4d66-880e-a3572309c4bd,0,4555691,2026-02-04,2026-02-04 17:59:22.081349
350,Box_3,0b7fa3ad-029c-4e8f-8d16-f64b8cd2cbdd,0,344772,2026-02-04,2026-02-04 17:59:22.081349
351,Climatiseur LT_2,c2debd50-00d4-4d66-880e-a3572309c4bd,0.007,3418730,2026-02-04,2026-02-04 17:59:22.081349
352,cochef,c32973b8-842f-447d-ac00-3c5f5884859b,0,4597863,2026-02-04,2026-02-04 17:59:22.081349
353,Climatisation 6,0b7fa3ad-029c-4e8f-8d16-f64b8cd2cbdd,0.023,847426,2026-02-04,2026-02-04 18:11:20.292068
354,Climatisation 7,0b7fa3ad-029c-4e8f-8d16-f64b8cd2cbdd,0.024,6683274,2026-02-04,2026-02-04 18:11:20.292068
355,Climatisation 4,0b7fa3ad-029c-4e8f-8d16-f64b8cd2cbdd,0.023,4237829,2026-02-04,2026-02-04 18:11:20.292068
356,Climatisation 5,0b7fa3ad-029c-4e8f-8d16-f64b8cd2cbdd,0.02,6313069,2026-02-04,2026-02-04 18:11:20.292068
357,Climatiseur de pièce 8,c2debd50-00d4-4d66-880e-a3572309c4bd,0,1138393,2026-02-04,2026-02-04 18:11:20.292068
358,Climatiseur de pièce 4,c2debd50-00d4-4d66-880e-a3572309c4bd,0,1561101,2026-02-04,2026-02-04 18:11:20.292068
359,Open space 3,664b5fe4-aea4-4495-80cc-631d73f149e1,0,927194,2026-02-04,2026-02-04 18:11:20.292068
360,Climatiseur LT_1,c2debd50-00d4-4d66-880e-a3572309c4bd,0,3327315,2026-02-04,2026-02-04 18:11:20.292068
361,Climatisation 14,0b7fa3ad-029c-4e8f-8d16-f64b8cd2cbdd,0,2265161,2026-02-04,2026-02-04 18:11:20.292068
362,Climatisation 15,0b7fa3ad-029c-4e8f-8d16-f64b8cd2cbdd,0.01,3010385,2026-02-04,2026-02-04 18:11:20.292068
363,Climatisation 16,0b7fa3ad-029c-4e8f-8d16-f64b8cd2cbdd,0,590228,2026-02-04,2026-02-04 18:11:20.292068
364,Climatisation 17,0b7fa3ad-029c-4e8f-8d16-f64b8cd2cbdd,0.003,6825392,2026-02-04,2026-02-04 18:11:20.292068
365,Climatisation 2,0b7fa3ad-029c-4e8f-8d16-f64b8cd2cbdd,0.021,4698584,2026-02-04,2026-02-04 18:11:20.292068
366,Climatisation 3,0b7fa3ad-029c-4e8f-8d16-f64b8cd2cbdd,0.021,6145714,2026-02-04,2026-02-04 18:11:20.292068
367,salle reunion startup 1,664b5fe4-aea4-4495-80cc-631d73f149e1,0,367535,2026-02-04,2026-02-04 18:11:20.292068
368,Climatisation 1,0b7fa3ad-029c-4e8f-8d16-f64b8cd2cbdd,0.008,5137274,2026-02-04,2026-02-04 18:11:20.292068
369,Ext-Saphir-2,c32973b8-842f-447d-ac00-3c5f5884859b,0,489753,2026-02-04,2026-02-04 18:11:20.292068
370,Climatiseur de pièce 2,c2debd50-00d4-4d66-880e-a3572309c4bd,0,1425707,2026-02-04,2026-02-04 18:11:20.292068
371,Climatiseur de pièce 11,c2debd50-00d4-4d66-880e-a3572309c4bd,0,666109,2026-02-04,2026-02-04 18:11:20.292068
372,Box_9,0b7fa3ad-029c-4e8f-8d16-f64b8cd2cbdd,0,1147187,2026-02-04,2026-02-04 18:11:20.292068
373,Ext-Saphir-3,c32973b8-842f-447d-ac00-3c5f5884859b,0,614188,2026-02-04,2026-02-04 18:11:20.292068
374,Startup 1,664b5fe4-aea4-4495-80cc-631d73f149e1,0,915269,2026-02-04,2026-02-04 18:11:20.292068
375,Climatiseur Café,c2debd50-00d4-4d66-880e-a3572309c4bd,0,3625155,2026-02-04,2026-02-04 18:11:20.292068
376,Box_11,0b7fa3ad-029c-4e8f-8d16-f64b8cd2cbdd,0,216888,2026-02-04,2026-02-04 18:11:20.292068
377,Climatiseur de pièce 13,c2debd50-00d4-4d66-880e-a3572309c4bd,0,500424,2026-02-04,2026-02-04 18:11:20.292068
378,Ext saphir-1,c32973b8-842f-447d-ac00-3c5f5884859b,0,1840106,2026-02-04,2026-02-04 18:11:20.292068
379,Climatiseur Accueil_2,c2debd50-00d4-4d66-880e-a3572309c4bd,0,3935431,2026-02-04,2026-02-04 18:11:20.292068
380,Box_7,0b7fa3ad-029c-4e8f-8d16-f64b8cd2cbdd,0,1102446,2026-02-04,2026-02-04 18:11:20.292068
381,LT2,0b7fa3ad-029c-4e8f-8d16-f64b8cd2cbdd,0.003,6487930,2026-02-04,2026-02-04 18:11:20.292068
382,Box_4,0b7fa3ad-029c-4e8f-8d16-f64b8cd2cbdd,0,577633,2026-02-04,2026-02-04 18:11:20.292068
383,Open Space 1,664b5fe4-aea4-4495-80cc-631d73f149e1,0,943140,2026-02-04,2026-02-04 18:11:20.292068
384,S reunion open space,664b5fe4-aea4-4495-80cc-631d73f149e1,0,211275,2026-02-04,2026-02-04 18:11:20.292068
385,Climatiseur de pièce,c2debd50-00d4-4d66-880e-a3572309c4bd,0,1502459,2026-02-04,2026-02-04 18:11:20.292068
386,Climatiseur de pièce 7,c2debd50-00d4-4d66-880e-a3572309c4bd,0,2195775,2026-02-04,2026-02-04 18:11:20.292068
387,Climatiseur de pièce 6,c2debd50-00d4-4d66-880e-a3572309c4bd,0,834271,2026-02-04,2026-02-04 18:11:20.292068
388,salle 21,c32973b8-842f-447d-ac00-3c5f5884859b,0,1930670,2026-02-04,2026-02-04 18:11:20.292068
389,Climatiseur de pièce 12_1,c2debd50-00d4-4d66-880e-a3572309c4bd,0,1473143,2026-02-04,2026-02-04 18:11:20.292068
390,Box_8,0b7fa3ad-029c-4e8f-8d16-f64b8cd2cbdd,0,874406,2026-02-04,2026-02-04 18:11:20.292068
391,Climatiseur de pièce 10,c2debd50-00d4-4d66-880e-a3572309c4bd,0,928251,2026-02-04,2026-02-04 18:11:20.292068
392,Climatiseur de pièce 12_2,c2debd50-00d4-4d66-880e-a3572309c4bd,0.06,1167655,2026-02-04,2026-02-04 18:11:20.292068
393,Open space 2,664b5fe4-aea4-4495-80cc-631d73f149e1,0,741205,2026-02-04,2026-02-04 18:11:20.292068
394,Climatiseur de pièce 3,c2debd50-00d4-4d66-880e-a3572309c4bd,0,2416430,2026-02-04,2026-02-04 18:11:20.292068
395,LT1,0b7fa3ad-029c-4e8f-8d16-f64b8cd2cbdd,0.013,8179328,2026-02-04,2026-02-04 18:11:20.292068
396,Climatiseur de pièce 5,c2debd50-00d4-4d66-880e-a3572309c4bd,0,398839,2026-02-04,2026-02-04 18:11:20.292068
397,Salle reunion startup 2,664b5fe4-aea4-4495-80cc-631d73f149e1,0,299192,2026-02-04,2026-02-04 18:11:20.292068
398,Startup 2,664b5fe4-aea4-4495-80cc-631d73f149e1,0,676259,2026-02-04,2026-02-04 18:11:20.292068
399,Box_10,0b7fa3ad-029c-4e8f-8d16-f64b8cd2cbdd,0,497635,2026-02-04,2026-02-04 18:11:20.292068
400,Climatiseur de pièce 9,c2debd50-00d4-4d66-880e-a3572309c4bd,0,2003258,2026-02-04,2026-02-04 18:11:20.292068
401,Climatisation 8,0b7fa3ad-029c-4e8f-8d16-f64b8cd2cbdd,0.476,4467666,2026-02-04,2026-02-04 18:11:20.292068
402,Climatisation 9,0b7fa3ad-029c-4e8f-8d16-f64b8cd2cbdd,0,589951,2026-02-04,2026-02-04 18:11:20.292068
403,Climatisation 10,0b7fa3ad-029c-4e8f-8d16-f64b8cd2cbdd,0,8078474,2026-02-04,2026-02-04 18:11:20.292068
404,Climatisation 11,0b7fa3ad-029c-4e8f-8d16-f64b8cd2cbdd,0.007,4723155,2026-02-04,2026-02-04 18:11:20.292068
405,Climatisation 12,0b7fa3ad-029c-4e8f-8d16-f64b8cd2cbdd,0.007,5216032,2026-02-04,2026-02-04 18:11:20.292068
406,Climatisation 13,0b7fa3ad-029c-4e8f-8d16-f64b8cd2cbdd,0.002,6067313,2026-02-04,2026-02-04 18:11:20.292068
407,Box_2,0b7fa3ad-029c-4e8f-8d16-f64b8cd2cbdd,0,323428,2026-02-04,2026-02-04 18:11:20.292068
408,Climatiseur accueil-1,c2debd50-00d4-4d66-880e-a3572309c4bd,0,4555691,2026-02-04,2026-02-04 18:11:20.292068
409,Box_3,0b7fa3ad-029c-4e8f-8d16-f64b8cd2cbdd,0,344772,2026-02-04,2026-02-04 18:11:20.292068
410,Climatiseur LT_2,c2debd50-00d4-4d66-880e-a3572309c4bd,0.002,3418732,2026-02-04,2026-02-04 18:11:20.292068
411,cochef,c32973b8-842f-447d-ac00-3c5f5884859b,0,4597863,2026-02-04,2026-02-04 18:11:20.292068
412,Climatisation 6,0b7fa3ad-029c-4e8f-8d16-f64b8cd2cbdd,0,847445,2026-02-04,2026-02-04 23:09:34.464088
413,Climatisation 7,0b7fa3ad-029c-4e8f-8d16-f64b8cd2cbdd,0,6683292,2026-02-04,2026-02-04 23:09:34.464088
414,Climatisation 4,0b7fa3ad-029c-4e8f-8d16-f64b8cd2cbdd,0,4237848,2026-02-04,2026-02-04 23:09:34.464088
415,Climatisation 5,0b7fa3ad-029c-4e8f-8d16-f64b8cd2cbdd,0,6313088,2026-02-04,2026-02-04 23:09:34.464088
416,Climatiseur de pièce 8,c2debd50-00d4-4d66-880e-a3572309c4bd,0,1138393,2026-02-04,2026-02-04 23:09:34.464088
417,Climatiseur de pièce 4,c2debd50-00d4-4d66-880e-a3572309c4bd,0,1561101,2026-02-04,2026-02-04 23:09:34.464088
418,Open space 3,664b5fe4-aea4-4495-80cc-631d73f149e1,0,927194,2026-02-04,2026-02-04 23:09:34.464088
419,Climatiseur LT_1,c2debd50-00d4-4d66-880e-a3572309c4bd,0.003,3327468,2026-02-04,2026-02-04 23:09:34.464088
420,Climatisation 14,0b7fa3ad-029c-4e8f-8d16-f64b8cd2cbdd,0,2265161,2026-02-04,2026-02-04 23:09:34.464088
421,Climatisation 15,0b7fa3ad-029c-4e8f-8d16-f64b8cd2cbdd,0.01,3010385,2026-02-04,2026-02-04 23:09:34.464088
422,Climatisation 16,0b7fa3ad-029c-4e8f-8d16-f64b8cd2cbdd,0,590228,2026-02-04,2026-02-04 23:09:34.464088
423,Climatisation 17,0b7fa3ad-029c-4e8f-8d16-f64b8cd2cbdd,0.003,6825392,2026-02-04,2026-02-04 23:09:34.464088
424,Climatisation 2,0b7fa3ad-029c-4e8f-8d16-f64b8cd2cbdd,0,4698602,2026-02-04,2026-02-04 23:09:34.464088
425,Climatisation 3,0b7fa3ad-029c-4e8f-8d16-f64b8cd2cbdd,0,6145732,2026-02-04,2026-02-04 23:09:34.464088
426,salle reunion startup 1,664b5fe4-aea4-4495-80cc-631d73f149e1,0,367535,2026-02-04,2026-02-04 23:09:34.464088
427,Climatisation 1,0b7fa3ad-029c-4e8f-8d16-f64b8cd2cbdd,0,5137292,2026-02-04,2026-02-04 23:09:34.464088
428,Ext-Saphir-2,c32973b8-842f-447d-ac00-3c5f5884859b,0,489753,2026-02-04,2026-02-04 23:09:34.464088
429,Climatiseur de pièce 2,c2debd50-00d4-4d66-880e-a3572309c4bd,0,1425707,2026-02-04,2026-02-04 23:09:34.464088
430,Climatiseur de pièce 11,c2debd50-00d4-4d66-880e-a3572309c4bd,0,666109,2026-02-04,2026-02-04 23:09:34.464088
431,Box_9,0b7fa3ad-029c-4e8f-8d16-f64b8cd2cbdd,0,1147187,2026-02-04,2026-02-04 23:09:34.464088
432,Ext-Saphir-3,c32973b8-842f-447d-ac00-3c5f5884859b,0,614188,2026-02-04,2026-02-04 23:09:34.464088
433,Startup 1,664b5fe4-aea4-4495-80cc-631d73f149e1,0,915269,2026-02-04,2026-02-04 23:09:34.464088
434,Climatiseur Café,c2debd50-00d4-4d66-880e-a3572309c4bd,0,3625155,2026-02-04,2026-02-04 23:09:34.464088
435,Box_11,0b7fa3ad-029c-4e8f-8d16-f64b8cd2cbdd,0,216888,2026-02-04,2026-02-04 23:09:34.464088
436,Climatiseur de pièce 13,c2debd50-00d4-4d66-880e-a3572309c4bd,0,500424,2026-02-04,2026-02-04 23:09:34.464088
437,Ext saphir-1,c32973b8-842f-447d-ac00-3c5f5884859b,0,1840106,2026-02-04,2026-02-04 23:09:34.464088
438,Climatiseur Accueil_2,c2debd50-00d4-4d66-880e-a3572309c4bd,0,3935431,2026-02-04,2026-02-04 23:09:34.464088
439,Box_7,0b7fa3ad-029c-4e8f-8d16-f64b8cd2cbdd,0,1102446,2026-02-04,2026-02-04 23:09:34.464088
440,LT2,0b7fa3ad-029c-4e8f-8d16-f64b8cd2cbdd,0.04,6488686,2026-02-04,2026-02-04 23:09:34.464088
441,Box_4,0b7fa3ad-029c-4e8f-8d16-f64b8cd2cbdd,0,577633,2026-02-04,2026-02-04 23:09:34.464088
442,Open Space 1,664b5fe4-aea4-4495-80cc-631d73f149e1,0,943140,2026-02-04,2026-02-04 23:09:34.464088
443,S reunion open space,664b5fe4-aea4-4495-80cc-631d73f149e1,0,211275,2026-02-04,2026-02-04 23:09:34.464088
444,Climatiseur de pièce,c2debd50-00d4-4d66-880e-a3572309c4bd,0,1502459,2026-02-04,2026-02-04 23:09:34.464088
445,Climatiseur de pièce 7,c2debd50-00d4-4d66-880e-a3572309c4bd,0,2195775,2026-02-04,2026-02-04 23:09:34.464088
446,Climatiseur de pièce 6,c2debd50-00d4-4d66-880e-a3572309c4bd,0,834271,2026-02-04,2026-02-04 23:09:34.464088
447,salle 21,c32973b8-842f-447d-ac00-3c5f5884859b,0,1930670,2026-02-04,2026-02-04 23:09:34.464088
448,Climatiseur de pièce 12_1,c2debd50-00d4-4d66-880e-a3572309c4bd,0,1473458,2026-02-04,2026-02-04 23:09:34.464088
449,Box_8,0b7fa3ad-029c-4e8f-8d16-f64b8cd2cbdd,0,874406,2026-02-04,2026-02-04 23:09:34.464088
450,Climatiseur de pièce 10,c2debd50-00d4-4d66-880e-a3572309c4bd,0,928251,2026-02-04,2026-02-04 23:09:34.464088
451,Climatiseur de pièce 12_2,c2debd50-00d4-4d66-880e-a3572309c4bd,0,1168960,2026-02-04,2026-02-04 23:09:34.464088
452,Open space 2,664b5fe4-aea4-4495-80cc-631d73f149e1,0,741205,2026-02-04,2026-02-04 23:09:34.464088
453,Climatiseur de pièce 3,c2debd50-00d4-4d66-880e-a3572309c4bd,0,2416430,2026-02-04,2026-02-04 23:09:34.464088
454,LT1,0b7fa3ad-029c-4e8f-8d16-f64b8cd2cbdd,0.021,8179783,2026-02-04,2026-02-04 23:09:34.464088
455,Climatiseur de pièce 5,c2debd50-00d4-4d66-880e-a3572309c4bd,0,398839,2026-02-04,2026-02-04 23:09:34.464088
456,Salle reunion startup 2,664b5fe4-aea4-4495-80cc-631d73f149e1,0,299192,2026-02-04,2026-02-04 23:09:34.464088
457,Startup 2,664b5fe4-aea4-4495-80cc-631d73f149e1,0,676259,2026-02-04,2026-02-04 23:09:34.464088
458,Box_10,0b7fa3ad-029c-4e8f-8d16-f64b8cd2cbdd,0,497635,2026-02-04,2026-02-04 23:09:34.464088
459,Climatiseur de pièce 9,c2debd50-00d4-4d66-880e-a3572309c4bd,0,2003258,2026-02-04,2026-02-04 23:09:34.464088
460,Climatisation 8,0b7fa3ad-029c-4e8f-8d16-f64b8cd2cbdd,0.476,4467666,2026-02-04,2026-02-04 23:09:34.464088
461,Climatisation 9,0b7fa3ad-029c-4e8f-8d16-f64b8cd2cbdd,0,589951,2026-02-04,2026-02-04 23:09:34.464088
462,Climatisation 10,0b7fa3ad-029c-4e8f-8d16-f64b8cd2cbdd,0,8078474,2026-02-04,2026-02-04 23:09:34.464088
463,Climatisation 11,0b7fa3ad-029c-4e8f-8d16-f64b8cd2cbdd,0.007,4723155,2026-02-04,2026-02-04 23:09:34.464088
464,Climatisation 12,0b7fa3ad-029c-4e8f-8d16-f64b8cd2cbdd,0.007,5216032,2026-02-04,2026-02-04 23:09:34.464088
465,Climatisation 13,0b7fa3ad-029c-4e8f-8d16-f64b8cd2cbdd,0.002,6067313,2026-02-04,2026-02-04 23:09:34.464088
466,Box_2,0b7fa3ad-029c-4e8f-8d16-f64b8cd2cbdd,0,323428,2026-02-04,2026-02-04 23:09:34.464088
467,Climatiseur accueil-1,c2debd50-00d4-4d66-880e-a3572309c4bd,0,4555691,2026-02-04,2026-02-04 23:09:34.464088
468,Box_3,0b7fa3ad-029c-4e8f-8d16-f64b8cd2cbdd,0,344772,2026-02-04,2026-02-04 23:09:34.464088
469,Climatiseur LT_2,c2debd50-00d4-4d66-880e-a3572309c4bd,0.001,3418881,2026-02-04,2026-02-04 23:09:34.464088
470,cochef,c32973b8-842f-447d-ac00-3c5f5884859b,0,4597863,2026-02-04,2026-02-04 23:09:34.464088
471,Climatisation 6,0b7fa3ad-029c-4e8f-8d16-f64b8cd2cbdd,0.004,847662,2026-02-05,2026-02-05 08:13:13.569788
472,Climatisation 7,0b7fa3ad-029c-4e8f-8d16-f64b8cd2cbdd,1.059,6695602,2026-02-05,2026-02-05 08:13:13.569788
473,Climatisation 4,0b7fa3ad-029c-4e8f-8d16-f64b8cd2cbdd,0.004,4238530,2026-02-05,2026-02-05 08:13:13.569788
474,Climatisation 5,0b7fa3ad-029c-4e8f-8d16-f64b8cd2cbdd,1.098,6328130,2026-02-05,2026-02-05 08:13:13.569788
475,Climatiseur de pièce 8,c2debd50-00d4-4d66-880e-a3572309c4bd,0,1138393,2026-02-05,2026-02-05 08:13:13.569788
476,Climatiseur de pièce 4,c2debd50-00d4-4d66-880e-a3572309c4bd,0,1561101,2026-02-05,2026-02-05 08:13:13.569788
477,Open space 3,664b5fe4-aea4-4495-80cc-631d73f149e1,0,927194,2026-02-05,2026-02-05 08:13:13.569788
478,Climatiseur LT_1,c2debd50-00d4-4d66-880e-a3572309c4bd,0.005,3327739,2026-02-05,2026-02-05 08:13:13.569788
479,Climatisation 14,0b7fa3ad-029c-4e8f-8d16-f64b8cd2cbdd,0.011,2265646,2026-02-05,2026-02-05 08:13:13.569788
480,Climatisation 15,0b7fa3ad-029c-4e8f-8d16-f64b8cd2cbdd,0.012,3010875,2026-02-05,2026-02-05 08:13:13.569788
481,Climatisation 16,0b7fa3ad-029c-4e8f-8d16-f64b8cd2cbdd,0.184,596013,2026-02-05,2026-02-05 08:13:13.569788
482,Climatisation 17,0b7fa3ad-029c-4e8f-8d16-f64b8cd2cbdd,0.012,6829263,2026-02-05,2026-02-05 08:13:13.569788
483,Climatisation 2,0b7fa3ad-029c-4e8f-8d16-f64b8cd2cbdd,0.005,4698930,2026-02-05,2026-02-05 08:13:13.569788
484,Climatisation 3,0b7fa3ad-029c-4e8f-8d16-f64b8cd2cbdd,0.003,6146058,2026-02-05,2026-02-05 08:13:13.569788
485,salle reunion startup 1,664b5fe4-aea4-4495-80cc-631d73f149e1,0,367535,2026-02-05,2026-02-05 08:13:13.569788
486,Climatisation 1,0b7fa3ad-029c-4e8f-8d16-f64b8cd2cbdd,0.003,5137747,2026-02-05,2026-02-05 08:13:13.569788
487,Ext-Saphir-2,c32973b8-842f-447d-ac00-3c5f5884859b,0,489753,2026-02-05,2026-02-05 08:13:13.569788
488,Climatiseur de pièce 2,c2debd50-00d4-4d66-880e-a3572309c4bd,0,1425707,2026-02-05,2026-02-05 08:13:13.569788
489,Climatiseur de pièce 11,c2debd50-00d4-4d66-880e-a3572309c4bd,0,666109,2026-02-05,2026-02-05 08:13:13.569788
490,Box_9,0b7fa3ad-029c-4e8f-8d16-f64b8cd2cbdd,0,1147187,2026-02-05,2026-02-05 08:13:13.569788
491,Ext-Saphir-3,c32973b8-842f-447d-ac00-3c5f5884859b,0,614188,2026-02-05,2026-02-05 08:13:13.569788
492,Startup 1,664b5fe4-aea4-4495-80cc-631d73f149e1,0,915269,2026-02-05,2026-02-05 08:13:13.569788
493,Climatiseur Café,c2debd50-00d4-4d66-880e-a3572309c4bd,0,3625155,2026-02-05,2026-02-05 08:13:13.569788
494,Box_11,0b7fa3ad-029c-4e8f-8d16-f64b8cd2cbdd,0,216888,2026-02-05,2026-02-05 08:13:13.569788
495,Climatiseur de pièce 13,c2debd50-00d4-4d66-880e-a3572309c4bd,0,500424,2026-02-05,2026-02-05 08:13:13.569788
496,Ext saphir-1,c32973b8-842f-447d-ac00-3c5f5884859b,0,1840106,2026-02-05,2026-02-05 08:13:13.569788
497,Climatiseur Accueil_2,c2debd50-00d4-4d66-880e-a3572309c4bd,0,3935431,2026-02-05,2026-02-05 08:13:13.569788
498,Box_7,0b7fa3ad-029c-4e8f-8d16-f64b8cd2cbdd,0,1102446,2026-02-05,2026-02-05 08:13:13.569788
499,LT2,0b7fa3ad-029c-4e8f-8d16-f64b8cd2cbdd,0.019,6490004,2026-02-05,2026-02-05 08:13:13.569788
500,Box_4,0b7fa3ad-029c-4e8f-8d16-f64b8cd2cbdd,0,577633,2026-02-05,2026-02-05 08:13:13.569788
501,Open Space 1,664b5fe4-aea4-4495-80cc-631d73f149e1,0,943140,2026-02-05,2026-02-05 08:13:13.569788
502,S reunion open space,664b5fe4-aea4-4495-80cc-631d73f149e1,0,211275,2026-02-05,2026-02-05 08:13:13.569788
503,Climatiseur de pièce,c2debd50-00d4-4d66-880e-a3572309c4bd,0,1502459,2026-02-05,2026-02-05 08:13:13.569788
504,Climatiseur de pièce 7,c2debd50-00d4-4d66-880e-a3572309c4bd,0,2195775,2026-02-05,2026-02-05 08:13:13.569788
505,Climatiseur de pièce 6,c2debd50-00d4-4d66-880e-a3572309c4bd,0,834271,2026-02-05,2026-02-05 08:13:13.569788
506,salle 21,c32973b8-842f-447d-ac00-3c5f5884859b,0.021,1931372,2026-02-05,2026-02-05 08:13:13.569788
507,Climatiseur de pièce 12_1,c2debd50-00d4-4d66-880e-a3572309c4bd,0,1473458,2026-02-05,2026-02-05 08:13:13.569788
508,Box_8,0b7fa3ad-029c-4e8f-8d16-f64b8cd2cbdd,0,874406,2026-02-05,2026-02-05 08:13:13.569788
509,Climatiseur de pièce 10,c2debd50-00d4-4d66-880e-a3572309c4bd,0,928251,2026-02-05,2026-02-05 08:13:13.569788
510,Climatiseur de pièce 12_2,c2debd50-00d4-4d66-880e-a3572309c4bd,0,1168960,2026-02-05,2026-02-05 08:13:13.569788
511,Open space 2,664b5fe4-aea4-4495-80cc-631d73f149e1,0,741205,2026-02-05,2026-02-05 08:13:13.569788
512,Climatiseur de pièce 3,c2debd50-00d4-4d66-880e-a3572309c4bd,0,2416430,2026-02-05,2026-02-05 08:13:13.569788
513,LT1,0b7fa3ad-029c-4e8f-8d16-f64b8cd2cbdd,0.027,8180584,2026-02-05,2026-02-05 08:13:13.569788
514,Climatiseur de pièce 5,c2debd50-00d4-4d66-880e-a3572309c4bd,0,398839,2026-02-05,2026-02-05 08:13:13.569788
515,Salle reunion startup 2,664b5fe4-aea4-4495-80cc-631d73f149e1,0,299192,2026-02-05,2026-02-05 08:13:13.569788
516,Startup 2,664b5fe4-aea4-4495-80cc-631d73f149e1,0,676259,2026-02-05,2026-02-05 08:13:13.569788
517,Box_10,0b7fa3ad-029c-4e8f-8d16-f64b8cd2cbdd,0,497635,2026-02-05,2026-02-05 08:13:13.569788
518,Climatiseur de pièce 9,c2debd50-00d4-4d66-880e-a3572309c4bd,0.013,2003553,2026-02-05,2026-02-05 08:13:13.569788
519,Climatisation 8,0b7fa3ad-029c-4e8f-8d16-f64b8cd2cbdd,2.707,4483906,2026-02-05,2026-02-05 08:13:13.569788
520,Climatisation 9,0b7fa3ad-029c-4e8f-8d16-f64b8cd2cbdd,0.021,593052,2026-02-05,2026-02-05 08:13:13.569788
521,Climatisation 10,0b7fa3ad-029c-4e8f-8d16-f64b8cd2cbdd,0.008,8079768,2026-02-05,2026-02-05 08:13:13.569788
522,Climatisation 11,0b7fa3ad-029c-4e8f-8d16-f64b8cd2cbdd,0.008,4724139,2026-02-05,2026-02-05 08:13:13.569788
523,Climatisation 12,0b7fa3ad-029c-4e8f-8d16-f64b8cd2cbdd,0.012,5216417,2026-02-05,2026-02-05 08:13:13.569788
524,Climatisation 13,0b7fa3ad-029c-4e8f-8d16-f64b8cd2cbdd,0.008,6073752,2026-02-05,2026-02-05 08:13:13.569788
525,Box_2,0b7fa3ad-029c-4e8f-8d16-f64b8cd2cbdd,0,323428,2026-02-05,2026-02-05 08:13:13.569788
526,Climatiseur accueil-1,c2debd50-00d4-4d66-880e-a3572309c4bd,0,4555691,2026-02-05,2026-02-05 08:13:13.569788
527,Box_3,0b7fa3ad-029c-4e8f-8d16-f64b8cd2cbdd,0,344772,2026-02-05,2026-02-05 08:13:13.569788
528,Climatiseur LT_2,c2debd50-00d4-4d66-880e-a3572309c4bd,0.003,3419154,2026-02-05,2026-02-05 08:13:13.569788
529,cochef,c32973b8-842f-447d-ac00-3c5f5884859b,0,4597863,2026-02-05,2026-02-05 08:13:13.569788
530,Climatisation 6,0b7fa3ad-029c-4e8f-8d16-f64b8cd2cbdd,0.004,847666,2026-02-05,2026-02-05 08:28:30.903467
531,Climatisation 7,0b7fa3ad-029c-4e8f-8d16-f64b8cd2cbdd,0.842,6696444,2026-02-05,2026-02-05 08:28:30.903467
532,Climatisation 4,0b7fa3ad-029c-4e8f-8d16-f64b8cd2cbdd,0.005,4238535,2026-02-05,2026-02-05 08:28:30.903467
533,Climatisation 5,0b7fa3ad-029c-4e8f-8d16-f64b8cd2cbdd,2.067,6330197,2026-02-05,2026-02-05 08:28:30.903467
534,Climatiseur de pièce 8,c2debd50-00d4-4d66-880e-a3572309c4bd,0,1138393,2026-02-05,2026-02-05 08:28:30.903467
535,Climatiseur de pièce 4,c2debd50-00d4-4d66-880e-a3572309c4bd,0,1561101,2026-02-05,2026-02-05 08:28:30.903467
536,Open space 3,664b5fe4-aea4-4495-80cc-631d73f149e1,0,927194,2026-02-05,2026-02-05 08:28:30.903467
537,Climatiseur LT_1,c2debd50-00d4-4d66-880e-a3572309c4bd,0.006,3327745,2026-02-05,2026-02-05 08:28:30.903467
538,Climatisation 14,0b7fa3ad-029c-4e8f-8d16-f64b8cd2cbdd,0.009,2265655,2026-02-05,2026-02-05 08:28:30.903467
539,Climatisation 15,0b7fa3ad-029c-4e8f-8d16-f64b8cd2cbdd,0.008,3010883,2026-02-05,2026-02-05 08:28:30.903467
540,Climatisation 16,0b7fa3ad-029c-4e8f-8d16-f64b8cd2cbdd,0.023,596036,2026-02-05,2026-02-05 08:28:30.903467
541,Climatisation 17,0b7fa3ad-029c-4e8f-8d16-f64b8cd2cbdd,0.01,6829273,2026-02-05,2026-02-05 08:28:30.903467
542,Climatisation 2,0b7fa3ad-029c-4e8f-8d16-f64b8cd2cbdd,0.005,4698930,2026-02-05,2026-02-05 08:28:30.903467
543,Climatisation 3,0b7fa3ad-029c-4e8f-8d16-f64b8cd2cbdd,0.003,6146061,2026-02-05,2026-02-05 08:28:30.903467
544,salle reunion startup 1,664b5fe4-aea4-4495-80cc-631d73f149e1,0,367535,2026-02-05,2026-02-05 08:28:30.903467
545,Climatisation 1,0b7fa3ad-029c-4e8f-8d16-f64b8cd2cbdd,0.005,5137752,2026-02-05,2026-02-05 08:28:30.903467
546,Ext-Saphir-2,c32973b8-842f-447d-ac00-3c5f5884859b,0,489753,2026-02-05,2026-02-05 08:28:30.903467
547,Climatiseur de pièce 2,c2debd50-00d4-4d66-880e-a3572309c4bd,0,1425707,2026-02-05,2026-02-05 08:28:30.903467
548,Climatiseur de pièce 11,c2debd50-00d4-4d66-880e-a3572309c4bd,0,666109,2026-02-05,2026-02-05 08:28:30.903467
549,Box_9,0b7fa3ad-029c-4e8f-8d16-f64b8cd2cbdd,0,1147187,2026-02-05,2026-02-05 08:28:30.903467
550,Ext-Saphir-3,c32973b8-842f-447d-ac00-3c5f5884859b,0,614188,2026-02-05,2026-02-05 08:28:30.903467
551,Startup 1,664b5fe4-aea4-4495-80cc-631d73f149e1,0.014,915283,2026-02-05,2026-02-05 08:28:30.903467
552,Climatiseur Café,c2debd50-00d4-4d66-880e-a3572309c4bd,0,3625155,2026-02-05,2026-02-05 08:28:30.903467
553,Box_11,0b7fa3ad-029c-4e8f-8d16-f64b8cd2cbdd,0,216888,2026-02-05,2026-02-05 08:28:30.903467
554,Climatiseur de pièce 13,c2debd50-00d4-4d66-880e-a3572309c4bd,0,500424,2026-02-05,2026-02-05 08:28:30.903467
555,Ext saphir-1,c32973b8-842f-447d-ac00-3c5f5884859b,0.209,1840315,2026-02-05,2026-02-05 08:28:30.903467
556,Climatiseur Accueil_2,c2debd50-00d4-4d66-880e-a3572309c4bd,0,3935431,2026-02-05,2026-02-05 08:28:30.903467
557,Box_7,0b7fa3ad-029c-4e8f-8d16-f64b8cd2cbdd,0,1102446,2026-02-05,2026-02-05 08:28:30.903467
558,LT2,0b7fa3ad-029c-4e8f-8d16-f64b8cd2cbdd,0.033,6490037,2026-02-05,2026-02-05 08:28:30.903467
559,Box_4,0b7fa3ad-029c-4e8f-8d16-f64b8cd2cbdd,0,577633,2026-02-05,2026-02-05 08:28:30.903467
560,Open Space 1,664b5fe4-aea4-4495-80cc-631d73f149e1,0,943140,2026-02-05,2026-02-05 08:28:30.903467
561,S reunion open space,664b5fe4-aea4-4495-80cc-631d73f149e1,0,211275,2026-02-05,2026-02-05 08:28:30.903467
562,Climatiseur de pièce,c2debd50-00d4-4d66-880e-a3572309c4bd,0,1502459,2026-02-05,2026-02-05 08:28:30.903467
563,Climatiseur de pièce 7,c2debd50-00d4-4d66-880e-a3572309c4bd,0,2195775,2026-02-05,2026-02-05 08:28:30.903467
564,Climatiseur de pièce 6,c2debd50-00d4-4d66-880e-a3572309c4bd,0,834271,2026-02-05,2026-02-05 08:28:30.903467
565,salle 21,c32973b8-842f-447d-ac00-3c5f5884859b,0.013,1931522,2026-02-05,2026-02-05 08:28:30.903467
566,Climatiseur de pièce 12_1,c2debd50-00d4-4d66-880e-a3572309c4bd,0,1473458,2026-02-05,2026-02-05 08:28:30.903467
567,Box_8,0b7fa3ad-029c-4e8f-8d16-f64b8cd2cbdd,0,874406,2026-02-05,2026-02-05 08:28:30.903467
568,Climatiseur de pièce 10,c2debd50-00d4-4d66-880e-a3572309c4bd,0,928251,2026-02-05,2026-02-05 08:28:30.903467
569,Climatiseur de pièce 12_2,c2debd50-00d4-4d66-880e-a3572309c4bd,0,1168960,2026-02-05,2026-02-05 08:28:30.903467
570,Open space 2,664b5fe4-aea4-4495-80cc-631d73f149e1,0,741205,2026-02-05,2026-02-05 08:28:30.903467
571,Climatiseur de pièce 3,c2debd50-00d4-4d66-880e-a3572309c4bd,0,2416430,2026-02-05,2026-02-05 08:28:30.903467
572,LT1,0b7fa3ad-029c-4e8f-8d16-f64b8cd2cbdd,0.028,8180634,2026-02-05,2026-02-05 08:28:30.903467
573,Climatiseur de pièce 5,c2debd50-00d4-4d66-880e-a3572309c4bd,0,398839,2026-02-05,2026-02-05 08:28:30.903467
574,Salle reunion startup 2,664b5fe4-aea4-4495-80cc-631d73f149e1,0,299192,2026-02-05,2026-02-05 08:28:30.903467
575,Startup 2,664b5fe4-aea4-4495-80cc-631d73f149e1,0,676259,2026-02-05,2026-02-05 08:28:30.903467
576,Box_10,0b7fa3ad-029c-4e8f-8d16-f64b8cd2cbdd,0,497635,2026-02-05,2026-02-05 08:28:30.903467
577,Climatiseur de pièce 9,c2debd50-00d4-4d66-880e-a3572309c4bd,0.042,2003595,2026-02-05,2026-02-05 08:28:30.903467
578,Climatisation 8,0b7fa3ad-029c-4e8f-8d16-f64b8cd2cbdd,4.002,4487908,2026-02-05,2026-02-05 08:28:30.903467
579,Climatisation 9,0b7fa3ad-029c-4e8f-8d16-f64b8cd2cbdd,0.021,593052,2026-02-05,2026-02-05 08:28:30.903467
580,Climatisation 10,0b7fa3ad-029c-4e8f-8d16-f64b8cd2cbdd,0.012,8079780,2026-02-05,2026-02-05 08:28:30.903467
581,Climatisation 11,0b7fa3ad-029c-4e8f-8d16-f64b8cd2cbdd,0.008,4724147,2026-02-05,2026-02-05 08:28:30.903467
582,Climatisation 12,0b7fa3ad-029c-4e8f-8d16-f64b8cd2cbdd,0.008,5216425,2026-02-05,2026-02-05 08:28:30.903467
583,Climatisation 13,0b7fa3ad-029c-4e8f-8d16-f64b8cd2cbdd,0.011,6073763,2026-02-05,2026-02-05 08:28:30.903467
584,Box_2,0b7fa3ad-029c-4e8f-8d16-f64b8cd2cbdd,0,323428,2026-02-05,2026-02-05 08:28:30.903467
585,Climatiseur accueil-1,c2debd50-00d4-4d66-880e-a3572309c4bd,0,4555691,2026-02-05,2026-02-05 08:28:30.903467
586,Box_3,0b7fa3ad-029c-4e8f-8d16-f64b8cd2cbdd,0,344772,2026-02-05,2026-02-05 08:28:30.903467
587,Climatiseur LT_2,c2debd50-00d4-4d66-880e-a3572309c4bd,0.007,3419161,2026-02-05,2026-02-05 08:28:30.903467
588,cochef,c32973b8-842f-447d-ac00-3c5f5884859b,0,4597863,2026-02-05,2026-02-05 08:28:30.903467
589,Climatisation 6,0b7fa3ad-029c-4e8f-8d16-f64b8cd2cbdd,0.004,847666,2026-02-05,2026-02-05 08:43:47.741656
590,Climatisation 7,0b7fa3ad-029c-4e8f-8d16-f64b8cd2cbdd,1.107,6697551,2026-02-05,2026-02-05 08:43:47.741656
591,Climatisation 4,0b7fa3ad-029c-4e8f-8d16-f64b8cd2cbdd,0.003,4238538,2026-02-05,2026-02-05 08:43:47.741656
592,Climatisation 5,0b7fa3ad-029c-4e8f-8d16-f64b8cd2cbdd,2.067,6330197,2026-02-05,2026-02-05 08:43:47.741656
593,Climatiseur de pièce 8,c2debd50-00d4-4d66-880e-a3572309c4bd,0,1138393,2026-02-05,2026-02-05 08:43:47.741656
594,Climatiseur de pièce 4,c2debd50-00d4-4d66-880e-a3572309c4bd,0,1561101,2026-02-05,2026-02-05 08:43:47.741656
595,Open space 3,664b5fe4-aea4-4495-80cc-631d73f149e1,0,927194,2026-02-05,2026-02-05 08:43:47.741656
596,Climatiseur LT_1,c2debd50-00d4-4d66-880e-a3572309c4bd,0.006,3327751,2026-02-05,2026-02-05 08:43:47.741656
597,Climatisation 14,0b7fa3ad-029c-4e8f-8d16-f64b8cd2cbdd,0.093,2265748,2026-02-05,2026-02-05 08:43:47.741656
598,Climatisation 15,0b7fa3ad-029c-4e8f-8d16-f64b8cd2cbdd,0.005,3010888,2026-02-05,2026-02-05 08:43:47.741656
599,Climatisation 16,0b7fa3ad-029c-4e8f-8d16-f64b8cd2cbdd,0.023,596036,2026-02-05,2026-02-05 08:43:47.741656
600,Climatisation 17,0b7fa3ad-029c-4e8f-8d16-f64b8cd2cbdd,0.277,6829550,2026-02-05,2026-02-05 08:43:47.741656
601,Climatisation 2,0b7fa3ad-029c-4e8f-8d16-f64b8cd2cbdd,0.005,4698935,2026-02-05,2026-02-05 08:43:47.741656
602,Climatisation 3,0b7fa3ad-029c-4e8f-8d16-f64b8cd2cbdd,0.005,6146066,2026-02-05,2026-02-05 08:43:47.741656
603,salle reunion startup 1,664b5fe4-aea4-4495-80cc-631d73f149e1,0,367535,2026-02-05,2026-02-05 08:43:47.741656
604,Climatisation 1,0b7fa3ad-029c-4e8f-8d16-f64b8cd2cbdd,0.005,5137752,2026-02-05,2026-02-05 08:43:47.741656
605,Ext-Saphir-2,c32973b8-842f-447d-ac00-3c5f5884859b,0,489753,2026-02-05,2026-02-05 08:43:47.741656
606,Climatiseur de pièce 2,c2debd50-00d4-4d66-880e-a3572309c4bd,0,1425707,2026-02-05,2026-02-05 08:43:47.741656
607,Climatiseur de pièce 11,c2debd50-00d4-4d66-880e-a3572309c4bd,0,666109,2026-02-05,2026-02-05 08:43:47.741656
608,Box_9,0b7fa3ad-029c-4e8f-8d16-f64b8cd2cbdd,0,1147187,2026-02-05,2026-02-05 08:43:47.741656
609,Ext-Saphir-3,c32973b8-842f-447d-ac00-3c5f5884859b,0,614188,2026-02-05,2026-02-05 08:43:47.741656
610,Startup 1,664b5fe4-aea4-4495-80cc-631d73f149e1,0.383,915666,2026-02-05,2026-02-05 08:43:47.741656
611,Climatiseur Café,c2debd50-00d4-4d66-880e-a3572309c4bd,0,3625155,2026-02-05,2026-02-05 08:43:47.741656
612,Box_11,0b7fa3ad-029c-4e8f-8d16-f64b8cd2cbdd,0,216888,2026-02-05,2026-02-05 08:43:47.741656
613,Climatiseur de pièce 13,c2debd50-00d4-4d66-880e-a3572309c4bd,0,500424,2026-02-05,2026-02-05 08:43:47.741656
614,Ext saphir-1,c32973b8-842f-447d-ac00-3c5f5884859b,0.148,1840463,2026-02-05,2026-02-05 08:43:47.741656
615,Climatiseur Accueil_2,c2debd50-00d4-4d66-880e-a3572309c4bd,0,3935431,2026-02-05,2026-02-05 08:43:47.741656
616,Box_7,0b7fa3ad-029c-4e8f-8d16-f64b8cd2cbdd,0,1102446,2026-02-05,2026-02-05 08:43:47.741656
617,LT2,0b7fa3ad-029c-4e8f-8d16-f64b8cd2cbdd,0.036,6490100,2026-02-05,2026-02-05 08:43:47.741656
618,Box_4,0b7fa3ad-029c-4e8f-8d16-f64b8cd2cbdd,0,577633,2026-02-05,2026-02-05 08:43:47.741656
619,Open Space 1,664b5fe4-aea4-4495-80cc-631d73f149e1,0,943140,2026-02-05,2026-02-05 08:43:47.741656
620,S reunion open space,664b5fe4-aea4-4495-80cc-631d73f149e1,0,211275,2026-02-05,2026-02-05 08:43:47.741656
621,Climatiseur de pièce,c2debd50-00d4-4d66-880e-a3572309c4bd,0,1502459,2026-02-05,2026-02-05 08:43:47.741656
622,Climatiseur de pièce 7,c2debd50-00d4-4d66-880e-a3572309c4bd,0,2195775,2026-02-05,2026-02-05 08:43:47.741656
623,Climatiseur de pièce 6,c2debd50-00d4-4d66-880e-a3572309c4bd,0,834271,2026-02-05,2026-02-05 08:43:47.741656
624,salle 21,c32973b8-842f-447d-ac00-3c5f5884859b,0,1931522,2026-02-05,2026-02-05 08:43:47.741656
625,Climatiseur de pièce 12_1,c2debd50-00d4-4d66-880e-a3572309c4bd,0,1473458,2026-02-05,2026-02-05 08:43:47.741656
626,Box_8,0b7fa3ad-029c-4e8f-8d16-f64b8cd2cbdd,0,874406,2026-02-05,2026-02-05 08:43:47.741656
627,Climatiseur de pièce 10,c2debd50-00d4-4d66-880e-a3572309c4bd,0,928251,2026-02-05,2026-02-05 08:43:47.741656
628,Climatiseur de pièce 12_2,c2debd50-00d4-4d66-880e-a3572309c4bd,0,1168960,2026-02-05,2026-02-05 08:43:47.741656
629,Open space 2,664b5fe4-aea4-4495-80cc-631d73f149e1,0,741205,2026-02-05,2026-02-05 08:43:47.741656
630,Climatiseur de pièce 3,c2debd50-00d4-4d66-880e-a3572309c4bd,0,2416430,2026-02-05,2026-02-05 08:43:47.741656
631,LT1,0b7fa3ad-029c-4e8f-8d16-f64b8cd2cbdd,0.017,8180651,2026-02-05,2026-02-05 08:43:47.741656
632,Climatiseur de pièce 5,c2debd50-00d4-4d66-880e-a3572309c4bd,0,398839,2026-02-05,2026-02-05 08:43:47.741656
633,Salle reunion startup 2,664b5fe4-aea4-4495-80cc-631d73f149e1,0,299192,2026-02-05,2026-02-05 08:43:47.741656
634,Startup 2,664b5fe4-aea4-4495-80cc-631d73f149e1,0,676259,2026-02-05,2026-02-05 08:43:47.741656
635,Box_10,0b7fa3ad-029c-4e8f-8d16-f64b8cd2cbdd,0,497635,2026-02-05,2026-02-05 08:43:47.741656
636,Climatiseur de pièce 9,c2debd50-00d4-4d66-880e-a3572309c4bd,0.031,2003663,2026-02-05,2026-02-05 08:43:47.741656
637,Climatisation 8,0b7fa3ad-029c-4e8f-8d16-f64b8cd2cbdd,4.002,4487908,2026-02-05,2026-02-05 08:43:47.741656
638,Climatisation 9,0b7fa3ad-029c-4e8f-8d16-f64b8cd2cbdd,0.021,593052,2026-02-05,2026-02-05 08:43:47.741656
639,Climatisation 10,0b7fa3ad-029c-4e8f-8d16-f64b8cd2cbdd,0.114,8079894,2026-02-05,2026-02-05 08:43:47.741656
640,Climatisation 11,0b7fa3ad-029c-4e8f-8d16-f64b8cd2cbdd,0.008,4724147,2026-02-05,2026-02-05 08:43:47.741656
641,Climatisation 12,0b7fa3ad-029c-4e8f-8d16-f64b8cd2cbdd,0.114,5216539,2026-02-05,2026-02-05 08:43:47.741656
642,Climatisation 13,0b7fa3ad-029c-4e8f-8d16-f64b8cd2cbdd,0.011,6073763,2026-02-05,2026-02-05 08:43:47.741656
643,Box_2,0b7fa3ad-029c-4e8f-8d16-f64b8cd2cbdd,0,323428,2026-02-05,2026-02-05 08:43:47.741656
644,Climatiseur accueil-1,c2debd50-00d4-4d66-880e-a3572309c4bd,0,4555691,2026-02-05,2026-02-05 08:43:47.741656
645,Box_3,0b7fa3ad-029c-4e8f-8d16-f64b8cd2cbdd,0,344772,2026-02-05,2026-02-05 08:43:47.741656
646,Climatiseur LT_2,c2debd50-00d4-4d66-880e-a3572309c4bd,0.007,3419168,2026-02-05,2026-02-05 08:43:47.741656
647,cochef,c32973b8-842f-447d-ac00-3c5f5884859b,0,4597863,2026-02-05,2026-02-05 08:43:47.741656